"pcon_code","pcon_name","new_la_code","la_name","first_available_year_included","most_recent_year_included"
"E14000958","Southport","E11000002","Merseyside","2017","2023"
"E14000916","Sefton Central","E11000002","Merseyside","2017","2023"
"E14000581","Bootle","E11000002","Merseyside","2017","2023"
"E14001043","Wirral South","E11000002","Merseyside","2017","2023"
"E14000559","Birkenhead","E11000002","Merseyside","2017","2023"
"E14001044","Wirral West","E11000002","Merseyside","2017","2023"
"E14001010","Wallasey","E11000002","Merseyside","2017","2023"
"E14000541","Barnsley Central","E11000003","South Yorkshire","2017","2023"
"E14000542","Barnsley East","E11000003","South Yorkshire","2017","2023"
"E14001028","Wentworth and Dearne","E11000003","South Yorkshire","2017","2023"
"E14001006","Tynemouth","E11000007","Tyne and Wear","2017","2023"
"E14000853","North Tyneside","E11000007","Tyne and Wear","2017","2023"
"E14000944","South Shields","E11000007","Tyne and Wear","2017","2023"
"E14000765","Jarrow","E11000007","Tyne and Wear","2017","2023"
"E14000982","Sunderland Central","E11000007","Tyne and Wear","2017","2023"
"E14001020","Washington and Sunderland West","E11000007","Tyne and Wear","2017","2023"
"E14000754","Houghton and Sunderland South","E11000007","Tyne and Wear","2017","2023"
"E14000650","Coventry North West","E11000005","West Midlands","2017","2023"
"E14001029","West Bromwich East","E11000005","West Midlands","2017","2023"
"E14001016","Warley","E11000005","West Midlands","2017","2023"
"E14001030","West Bromwich West","E11000005","West Midlands","2017","2023"
"E14000722","Halesowen and Rowley Regis","E11000005","West Midlands","2017","2023"
"E14000812","Meriden","E11000005","West Midlands","2017","2023"
"E14000931","Solihull","E11000005","West Midlands","2017","2023"
"E14000531","Aldridge-Brownhills","E11000005","West Midlands","2017","2023"
"E14001012","Walsall South","E11000005","West Midlands","2017","2023"
"E14001011","Walsall North","E11000005","West Midlands","2017","2023"
"E14000876","Penistone and Stocksbridge","E11000003","South Yorkshire","2017","2023"
"E14000756","Huddersfield","E11000006","West Yorkshire","2017","2023"
"E14000574","Blaydon","E11000007","Tyne and Wear","2017","2023"
"E14000709","Gateshead","E11000007","Tyne and Wear","2017","2023"
"E14000548","Batley and Spen","E11000006","West Yorkshire","2017","2023"
"E14000666","Dewsbury","E11000006","West Yorkshire","2017","2023"
"E14000645","Colne Valley","E11000006","West Yorkshire","2017","2023"
"E14000740","Hemsworth","E11000006","West Yorkshire","2017","2023"
"E14000836","Normanton, Pontefract and Castleford","E11000006","West Yorkshire","2017","2023"
"E14001009","Wakefield","E11000006","West Yorkshire","2017","2023"
"E14000826","Morley and Outwood","E11000006","West Yorkshire","2017","2023"
"E14000556","Beverley and Holderness","E06000011","East Riding of Yorkshire","2017","2023"
"E14000683","East Yorkshire","E06000011","East Riding of Yorkshire","2017","2023"
"E14000724","Haltemprice and Howden","E06000011","East Riding of Yorkshire","2017","2023"
"E14000596","Brigg and Goole","E06000011","East Riding of Yorkshire","2017","2023"
"E14000651","Coventry South","E11000005","West Midlands","2017","2023"
"E14000649","Coventry North East","E11000005","West Midlands","2017","2023"
"E14000976","Stourbridge","E11000005","West Midlands","2017","2023"
"E14000672","Dudley South","E11000005","West Midlands","2017","2023"
"E14000671","Dudley North","E11000005","West Midlands","2017","2023"
"E14001050","Wolverhampton South East","E11000005","West Midlands","2017","2023"
"E14000773","Kingston upon Hull West and Hessle","E06000011","East Riding of Yorkshire","2017","2023"
"E14000643","Cleethorpes","E06000012","North East Lincolnshire","2017","2023"
"E14000716","Great Grimsby","E06000012","North East Lincolnshire","2017","2023"
"E14000879","Plymouth, Moor View","E06000026","Plymouth","2017","2023"
"E14000880","Plymouth, Sutton and Devonport","E06000026","Plymouth","2017","2023"
"E14000950","South West Devon","E06000026","Plymouth","2017","2023"
"E14000957","Southend West","E06000033","Southend-on-Sea","2017","2023"
"E14000925","Shipley","E11000006","West Yorkshire","2017","2023"
"E14000587","Bradford East","E11000006","West Yorkshire","2017","2023"
"E14000589","Bradford West","E11000006","West Yorkshire","2017","2023"
"E14000766","Keighley","E11000006","West Yorkshire","2017","2023"
"E14000588","Bradford South","E11000006","West Yorkshire","2017","2023"
"E14000614","Calder Valley","E11000006","West Yorkshire","2017","2023"
"E14000723","Halifax","E11000006","West Yorkshire","2017","2023"
"E14000899","Rochford and Southend East","E06000033","Southend-on-Sea","2017","2023"
"E14000995","Thurrock","E06000034","Thurrock","2017","2023"
"E14000968","Stevenage","E10000015","Hertfordshire","2017","2023"
"E14000933","South Basildon and East Thurrock","E06000034","Thurrock","2017","2023"
"E14001048","Wokingham","E06000041","Wokingham","2017","2023"
"E14000889","Reading East","E06000041","Wokingham","2017","2023"
"E14000803","Maidenhead","E06000041","Wokingham","2017","2023"
"E14000586","Bracknell","E06000041","Wokingham","2017","2023"
"E14000594","Brentwood and Ongar","E10000012","Essex","2017","2023"
"E14000622","Castle Point","E10000012","Essex","2017","2023"
"E14000804","Maidstone and The Weald","E10000016","Kent","2017","2023"
"E14000700","Faversham and Mid Kent","E10000016","Kent","2017","2023"
"E14000806","Maldon","E10000012","Essex","2017","2023"
"E14000910","Saffron Walden","E10000012","Essex","2017","2023"
"E14000628","Chelmsford","E10000012","Essex","2017","2023"
"E14000997","Tonbridge and Malling","E10000016","Kent","2017","2023"
"E14000918","Sevenoaks","E10000016","Kent","2017","2023"
"E14000693","Epping Forest","E10000012","Essex","2017","2023"
"E14000948","South Thanet","E10000016","Kent","2017","2023"
"E14000852","North Thanet","E10000016","Kent","2017","2023"
"E14000739","Hemel Hempstead","E10000015","Hertfordshire","2017","2023"
"E14000951","South West Hertfordshire","E10000015","Hertfordshire","2017","2023"
"E14000845","North East Hertfordshire","E10000015","Hertfordshire","2017","2023"
"E14000749","Hitchin and Harpenden","E10000015","Hertfordshire","2017","2023"
"E14000630","Cheltenham","E10000013","Gloucestershire","2017","2023"
"E14000990","Tewkesbury","E10000013","Gloucestershire","2017","2023"
"E14000699","Fareham","E10000014","Hampshire","2017","2023"
"E14000713","Gosport","E10000014","Hampshire","2017","2023"
"E14000883","Portsmouth North","E06000044","Portsmouth","2017","2023"
"E14000884","Portsmouth South","E06000044","Portsmouth","2017","2023"
"E14000544","Basildon and Billericay","E10000012","Essex","2017","2023"
"E14000933","South Basildon and East Thurrock","E10000012","Essex","2017","2023"
"E14000888","Rayleigh and Wickford","E10000012","Essex","2017","2023"
"E14000736","Havant","E10000014","Hampshire","2017","2023"
"E14000811","Meon Valley","E10000014","Hampshire","2017","2023"
"E14001004","Tunbridge Wells","E10000016","Kent","2017","2023"
"E14000609","Burnley","E10000017","Lancashire","2017","2023"
"E14000729","Harlow","E10000012","Essex","2017","2023"
"E14001045","Witham","E10000012","Essex","2017","2023"
"E14000868","Nuneaton","E10000031","Warwickshire","2017","2023"
"E14000854","North Warwickshire","E10000031","Warwickshire","2017","2023"
"E14000905","Rugby","E10000031","Warwickshire","2017","2023"
"E14000682","East Worthing and Shoreham","E10000032","West Sussex","2017","2023"
"E14001055","Worthing West","E10000032","West Sussex","2017","2023"
"E14000892","Redditch","E10000034","Worcestershire","2017","2023"
"E14000758","Hyndburn","E10000017","Lancashire","2017","2023"
"E14000603","Broadland","E10000020","Norfolk","2017","2023"
"E14000966","Staffordshire Moorlands","E10000028","Staffordshire","2017","2023"
"E14000902","Rossendale and Darwen","E10000017","Lancashire","2017","2023"
"E14000583","Bosworth","E10000018","Leicestershire","2017","2023"
"E14000625","Charnwood","E10000018","Leicestershire","2017","2023"
"E14000909","Rutland and Melton","E10000018","Leicestershire","2017","2023"
"E14000546","Bassetlaw","E10000024","Nottinghamshire","2017","2023"
"E14000829","Newark","E10000024","Nottinghamshire","2017","2023"
"E14000863","Norwich North","E10000020","Norfolk","2017","2023"
"E14000717","Great Yarmouth","E10000020","Norfolk","2017","2023"
"E14001046","Witney","E10000025","Oxfordshire","2017","2023"
"E14000975","Stone","E10000028","Staffordshire","2017","2023"
"E14000959","Spelthorne","E10000030","Surrey","2017","2023"
"E14000986","Tamworth","E10000028","Staffordshire","2017","2023"
"E14000761","Ipswich","E10000029","Suffolk","2017","2023"
"E14000624","Central Suffolk and North Ipswich","E10000029","Suffolk","2017","2023"
"E14000618","Cannock Chase","E10000028","Staffordshire","2017","2023"
"E14000681","East Surrey","E10000030","Surrey","2017","2023"
"E14001052","Worcester","E10000034","Worcestershire","2017","2023"
"E14000926","Shrewsbury and Atcham","E06000051","Shropshire","2017","2023"
"E14000992","The Wrekin","E06000051","Shropshire","2017","2023"
"E14000799","Ludlow","E06000051","Shropshire","2017","2023"
"E14000849","North Shropshire","E06000051","Shropshire","2017","2023"
"E14000728","Harborough","E10000018","Leicestershire","2017","2023"
"E14000939","South Holland and The Deepings","E10000019","Lincolnshire","2017","2023"
"E14000641","City of Durham","E06000047","County Durham","2017","2023"
"E14000677","Easington","E06000047","County Durham","2017","2023"
"E14000856","North West Durham","E06000047","County Durham","2017","2023"
"E14000840","North Durham","E06000047","County Durham","2017","2023"
"E14000915","Sedgefield","E06000047","County Durham","2017","2023"
"E14000569","Bishop Auckland","E06000047","County Durham","2017","2023"
"E14000554","Berwick-upon-Tweed","E06000057","Northumberland","2017","2023"
"E14001014","Wansbeck","E06000057","Northumberland","2017","2023"
"E14000746","Hexham","E06000057","Northumberland","2017","2023"
"E14000575","Blyth Valley","E06000057","Northumberland","2017","2023"
"E14000653","Crewe and Nantwich","E06000049","Cheshire East","2017","2023"
"E14000935","South Derbyshire","E10000007","Derbyshire","2017","2023"
"E14000639","Cities of London and Westminster","E13000001","Inner London","2017","2023"
"E14000746","Hexham","E11000007","Tyne and Wear","2017","2023"
"E14000555","Bethnal Green and Bow","E13000001","Inner London","2017","2023"
"E14000882","Poplar and Limehouse","E13000001","Inner London","2017","2023"
"E14000646","Congleton","E06000049","Cheshire East","2017","2023"
"E14000530","Aldershot","E10000014","Hampshire","2017","2023"
"E14000802","Macclesfield","E06000049","Cheshire East","2017","2023"
"E14000606","Broxbourne","E10000015","Hertfordshire","2017","2023"
"E14000947","South Swindon","E06000030","Swindon","2017","2023"
"E14000987","Tatton","E06000049","Cheshire East","2017","2023"
"E14000851","North Swindon","E06000030","Swindon","2017","2023"
"E14000686","Eddisbury","E06000049","Cheshire East","2017","2023"
"E14000767","Kenilworth and Southam","E10000031","Warwickshire","2017","2023"
"E14000844","North East Hampshire","E10000014","Hampshire","2017","2023"
"E14000720","Hackney North and Stoke Newington","E13000001","Inner London","2017","2023"
"E14000721","Hackney South and Shoreditch","E13000001","Inner London","2017","2023"
"E14000768","Kensington","E13000001","Inner London","2017","2023"
"E14000629","Chelsea and Fulham","E13000001","Inner London","2017","2023"
"E14000574","Blaydon","E06000057","Northumberland","2017","2023"
"E14001015","Wantage","E10000025","Oxfordshire","2017","2023"
"E14000576","Bognor Regis and Littlehampton","E10000032","West Sussex","2017","2023"
"E14000534","Arundel and South Downs","E10000032","West Sussex","2017","2023"
"E14000605","Bromsgrove","E10000034","Worcestershire","2017","2023"
"E14000707","Gainsborough","E10000019","Lincolnshire","2017","2023"
"E14000798","Louth and Horncastle","E10000019","Lincolnshire","2017","2023"
"E14000582","Boston and Skegness","E10000019","Lincolnshire","2017","2023"
"E14000847","North Herefordshire","E06000019","Herefordshire, County of","2017","2023"
"E14000572","Blackpool North and Cleveleys","E10000017","Lancashire","2017","2023"
"E14001057","Wyre and Preston North","E10000017","Lancashire","2017","2023"
"E14000776","Lancaster and Fleetwood","E10000017","Lancashire","2017","2023"
"E14001021","Watford","E10000015","Hertfordshire","2017","2023"
"E14000710","Gedling","E10000024","Nottinghamshire","2017","2023"
"E14000924","Sherwood","E10000024","Nottinghamshire","2017","2023"
"E14000742","Henley","E10000025","Oxfordshire","2017","2023"
"E14000874","Oxford West and Abingdon","E10000025","Oxfordshire","2017","2023"
"E14000743","Hereford and South Herefordshire","E06000019","Herefordshire, County of","2017","2023"
"E14000822","Milton Keynes South","E06000042","Milton Keynes","2017","2023"
"E14000927","Sittingbourne and Sheppey","E10000016","Kent","2017","2023"
"E14000821","Milton Keynes North","E06000042","Milton Keynes","2017","2023"
"E14000960","St Albans","E10000015","Hertfordshire","2017","2023"
"E14000659","Dartford","E10000016","Kent","2017","2023"
"E14000704","Folkestone and Hythe","E10000016","Kent","2017","2023"
"E14000819","Middlesbrough","E06000002","Middlesbrough","2017","2023"
"E14000820","Middlesbrough South and East Cleveland","E06000002","Middlesbrough","2017","2023"
"E14001062","York Outer","E06000014","York","2017","2023"
"E14001061","York Central","E06000014","York","2017","2023"
"E14000590","Braintree","E10000012","Essex","2017","2023"
"E14000619","Canterbury","E10000016","Kent","2017","2023"
"E14000943","South Ribble","E10000017","Lancashire","2017","2023"
"E14000952","South West Norfolk","E10000020","Norfolk","2017","2023"
"E14000658","Darlington","E06000005","Darlington","2017","2023"
"E14000950","South West Devon","E10000008","Devon","2017","2023"
"E14001001","Totnes","E10000008","Devon","2017","2023"
"E14000714","Grantham and Stamford","E10000019","Lincolnshire","2017","2023"
"E14000929","Sleaford and North Hykeham","E10000019","Lincolnshire","2017","2023"
"E14000816","Mid Norfolk","E10000020","Norfolk","2017","2023"
"E14000894","Ribble Valley","E10000017","Lancashire","2017","2023"
"E14000623","Central Devon","E10000008","Devon","2017","2023"
"E14001000","Torridge and West Devon","E10000008","Devon","2017","2023"
"E14000695","Erewash","E10000007","Derbyshire","2017","2023"
"E14000814","Mid Derbyshire","E10000007","Derbyshire","2017","2023"
"E14000915","Sedgefield","E06000005","Darlington","2017","2023"
"E14000965","Stafford","E10000028","Staffordshire","2017","2023"
"E14000850","North Somerset","E06000024","North Somerset","2017","2023"
"E14000858","North West Leicestershire","E10000018","Leicestershire","2017","2023"
"E14001038","Weston-super-Mare","E06000024","North Somerset","2017","2023"
"E14001058","Wyre Forest","E10000034","Worcestershire","2017","2023"
"E14000784","Leicester West","E06000016","Leicester","2017","2023"
"E14000783","Leicester South","E06000016","Leicester","2017","2023"
"E14000782","Leicester East","E06000016","Leicester","2017","2023"
"E14000748","High Peak","E10000007","Derbyshire","2017","2023"
"E14000607","Broxtowe","E10000024","Nottinghamshire","2017","2023"
"E14000535","Ashfield","E10000024","Nottinghamshire","2017","2023"
"E14000991","The Cotswolds","E10000013","Gloucestershire","2017","2023"
"E14000669","Doncaster North","E11000003","South Yorkshire","2017","2023"
"E14000668","Doncaster Central","E11000003","South Yorkshire","2017","2023"
"E14000667","Don Valley","E11000003","South Yorkshire","2017","2023"
"E14000775","Knowsley","E11000002","Merseyside","2017","2023"
"E14000602","Bristol West","E06000023","Bristol, City of","2017","2023"
"E14000922","Sheffield, Hallam","E11000003","South Yorkshire","2017","2023"
"E14000923","Sheffield, Heeley","E11000003","South Yorkshire","2017","2023"
"E14000878","Peterborough","E06000031","Peterborough","2017","2023"
"E14000920","Sheffield South East","E11000003","South Yorkshire","2017","2023"
"E14000708","Garston and Halewood","E11000002","Merseyside","2017","2023"
"E14000855","North West Cambridgeshire","E06000031","Peterborough","2017","2023"
"E14000599","Bristol East","E06000023","Bristol, City of","2017","2023"
"E14000963","St Helens South and Whiston","E11000002","Merseyside","2017","2023"
"E14000919","Sheffield Central","E11000003","South Yorkshire","2017","2023"
"E14000921","Sheffield, Brightside and Hillsborough","E11000003","South Yorkshire","2017","2023"
"E14000601","Bristol South","E06000023","Bristol, City of","2017","2023"
"E14001041","Winchester","E10000014","Hampshire","2017","2023"
"E14000712","Gloucester","E10000013","Gloucestershire","2017","2023"
"E14000980","Stroud","E10000013","Gloucestershire","2017","2023"
"E14000600","Bristol North West","E06000023","Bristol, City of","2017","2023"
"E14000791","Lichfield","E10000028","Staffordshire","2017","2023"
"E14000698","Exeter","E10000008","Devon","2017","2023"
"E14000539","Banbury","E10000025","Oxfordshire","2017","2023"
"E14000644","Colchester","E10000012","Essex","2017","2023"
"E14000734","Harwich and North Essex","E10000012","Essex","2017","2023"
"E14000678","East Devon","E10000008","Devon","2017","2023"
"E14000899","Rochford and Southend East","E10000012","Essex","2017","2023"
"E14000792","Lincoln","E10000019","Lincolnshire","2017","2023"
"E14001018","Warrington South","E06000007","Warrington","2017","2023"
"E14001047","Woking","E10000030","Surrey","2017","2023"
"E14001017","Warrington North","E06000007","Warrington","2017","2023"
"E14000760","Ilford South","E13000002","Outer London","2017","2023"
"E14000790","Leyton and Wanstead","E13000002","Outer London","2017","2023"
"E14000759","Ilford North","E13000002","Outer London","2017","2023"
"E14000757","Huntingdon","E10000003","Cambridgeshire","2017","2023"
"E14000855","North West Cambridgeshire","E10000003","Cambridgeshire","2017","2023"
"E14000937","South East Cambridgeshire","E10000003","Cambridgeshire","2017","2023"
"E14000934","South Cambridgeshire","E10000003","Cambridgeshire","2017","2023"
"E14000567","Birmingham, Selly Oak","E11000005","West Midlands","2017","2023"
"E14000615","Camberwell and Peckham","E13000001","Inner London","2017","2023"
"E14000735","Hastings and Rye","E10000011","East Sussex","2017","2023"
"E14000558","Bexleyheath and Crayford","E13000002","Outer London","2017","2023"
"E14000696","Erith and Thamesmead","E13000002","Outer London","2017","2023"
"E14000869","Old Bexley and Sidcup","E13000002","Outer London","2017","2023"
"E14000634","Chingford and Woodford Green","E13000002","Outer London","2017","2023"
"E14000809","Manchester, Withington","E11000001","Greater Manchester","2017","2023"
"E14000568","Birmingham, Yardley","E11000005","West Midlands","2017","2023"
"E14000562","Birmingham, Hall Green","E11000005","West Midlands","2017","2023"
"E14000561","Birmingham, Erdington","E11000005","West Midlands","2017","2023"
"E14000985","Sutton Coldfield","E11000005","West Midlands","2017","2023"
"E14000563","Birmingham, Hodge Hill","E11000005","West Midlands","2017","2023"
"E14000560","Birmingham, Edgbaston","E11000005","West Midlands","2017","2023"
"E14000565","Birmingham, Northfield","E11000005","West Midlands","2017","2023"
"E14000685","Eastleigh","E10000014","Hampshire","2017","2023"
"E14001059","Wythenshawe and Sale East","E11000001","Greater Manchester","2017","2023"
"E14000807","Manchester Central","E11000001","Greater Manchester","2017","2023"
"E14000777","Leeds Central","E11000006","West Yorkshire","2017","2023"
"E14000808","Manchester, Gorton","E11000001","Greater Manchester","2017","2023"
"E14000553","Bermondsey and Old Southwark","E13000001","Inner London","2017","2023"
"E14000571","Blackley and Broughton","E11000001","Greater Manchester","2017","2023"
"E14000781","Leeds West","E11000006","West Yorkshire","2017","2023"
"E14000673","Dulwich and West Norwood","E13000001","Inner London","2017","2023"
"E14000564","Birmingham, Ladywood","E11000005","West Midlands","2017","2023"
"E14000566","Birmingham, Perry Barr","E11000005","West Midlands","2017","2023"
"E14001027","Welwyn Hatfield","E10000015","Hertfordshire","2017","2023"
"E14000886","Pudsey","E11000006","West Yorkshire","2017","2023"
"E14000779","Leeds North East","E11000006","West Yorkshire","2017","2023"
"E14000778","Leeds East","E11000006","West Yorkshire","2017","2023"
"E14000689","Elmet and Rothwell","E11000006","West Yorkshire","2017","2023"
"E14000780","Leeds North West","E11000006","West Yorkshire","2017","2023"
"E14000834","Newcastle-under-Lyme","E10000028","Staffordshire","2017","2023"
"E14000973","Stoke-on-Trent North","E10000028","Staffordshire","2017","2023"
"E14000697","Esher and Walton","E10000030","Surrey","2017","2023"
"E14000907","Runnymede and Weybridge","E10000030","Surrey","2017","2023"
"E14000964","St Ives","E06000053","Isles of Scilly","2017","2023"
"E14001023","Wealden","E10000011","East Sussex","2017","2023"
"E14000557","Bexhill and Battle","E10000011","East Sussex","2017","2023"
"E14000684","Eastbourne","E10000011","East Sussex","2017","2023"
"E14000786","Lewes","E10000011","East Sussex","2017","2023"
"E14000633","Chichester","E10000032","West Sussex","2017","2023"
"E14000536","Ashford","E10000016","Kent","2017","2023"
"E14000771","Kingston upon Hull East","E06000010","Kingston upon Hull, City of","2017","2023"
"E14000996","Tiverton and Honiton","E10000008","Devon","2017","2023"
"E14000753","Horsham","E10000032","West Sussex","2017","2023"
"E14000848","North Norfolk","E10000020","Norfolk","2017","2023"
"E14000654","Croydon Central","E13000002","Outer London","2017","2023"
"E14000597","Brighton, Kemptown","E10000011","East Sussex","2017","2023"
"E14000655","Croydon North","E13000002","Outer London","2017","2023"
"E14000772","Kingston upon Hull North","E06000010","Kingston upon Hull, City of","2017","2023"
"E14000656","Croydon South","E13000002","Outer London","2017","2023"
"E14000570","Blackburn","E06000008","Blackburn with Darwen","2017","2023"
"E14000902","Rossendale and Darwen","E06000008","Blackburn with Darwen","2017","2023"
"E14000773","Kingston upon Hull West and Hessle","E06000010","Kingston upon Hull, City of","2017","2023"
"E14000831","Newcastle upon Tyne Central","E11000007","Tyne and Wear","2017","2023"
"E14000832","Newcastle upon Tyne East","E11000007","Tyne and Wear","2017","2023"
"E14000833","Newcastle upon Tyne North","E11000007","Tyne and Wear","2017","2023"
"E14000842","North East Cambridgeshire","E10000003","Cambridgeshire","2017","2023"
"E14000941","South Norfolk","E10000020","Norfolk","2017","2023"
"E14000835","Newton Abbot","E10000008","Devon","2017","2023"
"E14000864","Norwich South","E10000020","Norfolk","2017","2023"
"E14000577","Bolsover","E10000007","Derbyshire","2017","2023"
"E14000774","Kingswood","E06000025","South Gloucestershire","2017","2023"
"E14000702","Filton and Bradley Stoke","E06000025","South Gloucestershire","2017","2023"
"E14000994","Thornbury and Yate","E06000025","South Gloucestershire","2017","2023"
"E14000830","Newbury","E06000037","West Berkshire","2017","2023"
"E14001048","Wokingham","E06000037","West Berkshire","2017","2023"
"E14000890","Reading West","E06000037","West Berkshire","2017","2023"
"E14000705","Forest of Dean","E10000013","Gloucestershire","2017","2023"
"E14000640","City of Chester","E06000050","Cheshire West and Chester","2017","2023"
"E14000843","North East Derbyshire","E10000007","Derbyshire","2017","2023"
"E14000688","Ellesmere Port and Neston","E06000050","Cheshire West and Chester","2017","2023"
"E14000686","Eddisbury","E06000050","Cheshire West and Chester","2017","2023"
"E14000987","Tatton","E06000050","Cheshire West and Chester","2017","2023"
"E14001024","Weaver Vale","E06000050","Cheshire West and Chester","2017","2023"
"E14000642","Clacton","E10000012","Essex","2017","2023"
"E14000745","Hertsmere","E10000015","Hertfordshire","2017","2023"
"E14000940","South Leicestershire","E10000018","Leicestershire","2017","2023"
"E14000885","Preston","E10000017","Lancashire","2017","2023"
"E14000706","Fylde","E10000017","Lancashire","2017","2023"
"E14000857","North West Hampshire","E10000014","Hampshire","2017","2023"
"E14000901","Romsey and Southampton North","E10000014","Hampshire","2017","2023"
"E14000983","Surrey Heath","E10000030","Surrey","2017","2023"
"E14000999","Torbay","E06000027","Torbay","2017","2023"
"E14001001","Totnes","E06000027","Torbay","2017","2023"
"E14000946","South Suffolk","E10000029","Suffolk","2017","2023"
"E14000866","Nottingham North","E06000018","Nottingham","2017","2023"
"E14000865","Nottingham East","E06000018","Nottingham","2017","2023"
"E14000867","Nottingham South","E06000018","Nottingham","2017","2023"
"E14000638","Christchurch","E06000058","Bournemouth, Christchurch and Poole","2019","2023"
"E14000838","North Devon","E10000008","Devon","2017","2023"
"E14000547","Bath","E06000022","Bath and North East Somerset","2017","2023"
"E14001019","Warwick and Leamington","E10000031","Warwickshire","2017","2023"
"E14000859","North West Norfolk","E10000020","Norfolk","2017","2023"
"E14000820","Middlesbrough South and East Cleveland","E06000003","Redcar and Cleveland","2017","2023"
"E14000891","Redcar","E06000003","Redcar and Cleveland","2017","2023"
"E14000846","North East Somerset","E06000022","Bath and North East Somerset","2017","2023"
"E14000881","Poole","E06000058","Bournemouth, Christchurch and Poole","2019","2023"
"E14000584","Bournemouth East","E06000058","Bournemouth, Christchurch and Poole","2019","2023"
"E14000585","Bournemouth West","E06000058","Bournemouth, Christchurch and Poole","2019","2023"
"E14000839","North Dorset","E06000059","Dorset","2019","2023"
"E14001031","West Dorset","E06000059","Dorset","2019","2023"
"E14000936","South Dorset","E06000059","Dorset","2019","2023"
"E14000638","Christchurch","E06000059","Dorset","2019","2023"
"E14000815","Mid Dorset and North Poole","E06000059","Dorset","2019","2023"
"E14001042","Windsor","E06000040","Windsor and Maidenhead","2017","2023"
"E14000803","Maidenhead","E06000040","Windsor and Maidenhead","2017","2023"
"E14000680","East Hampshire","E10000014","Hampshire","2017","2023"
"E14000909","Rutland and Melton","E06000017","Rutland","2017","2023"
"E14000815","Mid Dorset and North Poole","E06000058","Bournemouth, Christchurch and Poole","2019","2023"
"E14000613","Bury St Edmunds","E10000029","Suffolk","2017","2023"
"E14001022","Waveney","E10000029","Suffolk","2017","2023"
"E14000981","Suffolk Coastal","E10000029","Suffolk","2017","2023"
"E14001034","West Suffolk","E10000029","Suffolk","2017","2023"
"E14000733","Hartlepool","E06000001","Hartlepool","2017","2023"
"E14000545","Basingstoke","E10000014","Hampshire","2017","2023"
"E14000873","Oxford East","E10000025","Oxfordshire","2017","2023"
"E14001056","Wycombe","E06000060","Buckinghamshire","2020","2023"
"E14000631","Chesham and Amersham","E06000060","Buckinghamshire","2020","2023"
"E14000538","Aylesbury","E06000060","Buckinghamshire","2020","2023"
"E14000608","Buckingham","E06000060","Buckinghamshire","2020","2023"
"E14000550","Beaconsfield","E06000060","Buckinghamshire","2020","2023"
"E14000617","Cambridge","E10000003","Cambridgeshire","2017","2023"
"E14000904","Rotherham","E11000003","South Yorkshire","2017","2023"
"E14000903","Rother Valley","E11000003","South Yorkshire","2017","2023"
"E14001054","Worsley and Eccles South","E11000001","Greater Manchester","2017","2023"
"E14000911","Salford and Eccles","E11000001","Greater Manchester","2017","2023"
"E14000637","Chorley","E10000017","Lancashire","2017","2023"
"E14000670","Dover","E10000016","Kent","2017","2023"
"E14000893","Reigate","E10000030","Surrey","2017","2023"
"E14000694","Epsom and Ewell","E10000030","Surrey","2017","2023"
"E14000652","Crawley","E10000032","West Sussex","2017","2023"
"E14000837","North Cornwall","E06000052","Cornwall","2017","2023"
"E14000938","South East Cornwall","E06000052","Cornwall","2017","2023"
"E14000616","Camborne and Redruth","E06000052","Cornwall","2017","2023"
"E14000961","St Austell and Newquay","E06000052","Cornwall","2017","2023"
"E14001003","Truro and Falmouth","E06000052","Cornwall","2017","2023"
"E14000762","Isle of Wight","E06000046","Isle of Wight","2017","2023"
"E14000648","Corby","E06000061","North Northamptonshire","2022","2023"
"E14001024","Weaver Vale","E06000006","Halton","2017","2023"
"E14000942","South Northamptonshire","E06000062","West Northamptonshire","2022","2023"
"E14000954","South West Wiltshire","E06000054","Wiltshire","2017","2023"
"E14000665","Devizes","E06000054","Wiltshire","2017","2023"
"E14000725","Halton","E06000006","Halton","2017","2023"
"E14000861","Northampton North","E06000062","West Northamptonshire","2022","2023"
"E14000912","Salisbury","E06000054","Wiltshire","2017","2023"
"E14001025","Wellingborough","E06000061","North Northamptonshire","2022","2023"
"E14000875","Pendle","E10000017","Lancashire","2017","2023"
"E14000862","Northampton South","E06000062","West Northamptonshire","2022","2023"
"E14000660","Daventry","E06000062","West Northamptonshire","2022","2023"
"E14000964","St Ives","E06000052","Cornwall","2017","2023"
"E14000635","Chippenham","E06000054","Wiltshire","2017","2023"
"E14000860","North Wiltshire","E06000054","Wiltshire","2017","2023"
"E14000769","Kettering","E06000061","North Northamptonshire","2022","2023"
"E14000591","Brent Central","E13000002","Outer London","2017","2023"
"E14000592","Brent North","E13000002","Outer London","2017","2023"
"E14000727","Hampstead and Kilburn","E13000002","Outer London","2017","2023"
"E14000660","Daventry","E06000061","North Northamptonshire","2022","2023"
"E14000675","Ealing North","E13000002","Outer London","2017","2023"
"E14000789","Lewisham, Deptford","E13000001","Inner London","2017","2023"
"E14000787","Lewisham East","E13000001","Inner London","2017","2023"
"E14000788","Lewisham West and Penge","E13000001","Inner London","2017","2023"
"E14000726","Hammersmith","E13000001","Inner London","2017","2023"
"E14000621","Carshalton and Wallington","E13000002","Outer London","2017","2023"
"E14000984","Sutton and Cheam","E13000002","Outer London","2017","2023"
"E14000676","Ealing, Southall","E13000002","Outer London","2017","2023"
"E14000731","Harrow East","E13000002","Outer London","2017","2023"
"E14000636","Chipping Barnet","E13000002","Outer London","2017","2023"
"E14001002","Tottenham","E13000001","Inner London","2017","2023"
"E14000732","Harrow West","E13000002","Outer London","2017","2023"
"E14000737","Hayes and Harlington","E13000002","Outer London","2017","2023"
"E14001007","Uxbridge and South Ruislip","E13000002","Outer London","2017","2023"
"E14000687","Edmonton","E13000002","Outer London","2017","2023"
"E14000823","Mitcham and Morden","E13000002","Outer London","2017","2023"
"E14000906","Ruislip, Northwood and Pinner","E13000002","Outer London","2017","2023"
"E14000752","Hornsey and Wood Green","E13000001","Inner London","2017","2023"
"E14000674","Ealing Central and Acton","E13000002","Outer London","2017","2023"
"E14000703","Finchley and Golders Green","E13000002","Outer London","2017","2023"
"E14000692","Enfield, Southgate","E13000002","Outer London","2017","2023"
"E14000741","Hendon","E13000002","Outer London","2017","2023"
"E14000691","Enfield North","E13000002","Outer London","2017","2023"
"E14001040","Wimbledon","E13000002","Outer London","2017","2023"
"E14000701","Feltham and Heston","E13000002","Outer London","2017","2023"
"E14000727","Hampstead and Kilburn","E13000001","Inner London","2017","2023"
"E14000750","Holborn and St Pancras","E13000001","Inner London","2017","2023"
"E14000896","Richmond Park","E13000002","Outer London","2017","2023"
"E14000593","Brentford and Isleworth","E13000002","Outer London","2017","2023"
"E14001005","Twickenham","E13000002","Outer London","2017","2023"
"E14000763","Islington North","E13000001","Inner London","2017","2023"
"E14000764","Islington South and Finsbury","E13000001","Inner London","2017","2023"
"E14001036","Westminster North","E13000001","Inner London","2017","2023"
"E14000770","Kingston and Surbiton","E13000002","Outer London","2017","2023"
"E14000657","Dagenham and Rainham","E13000002","Outer London","2017","2023"
"E14000751","Hornchurch and Upminster","E13000002","Outer London","2017","2023"
"E14000900","Romford","E13000002","Outer London","2017","2023"
"E14000998","Tooting","E13000001","Inner London","2017","2023"
"E14000978","Streatham","E13000001","Inner London","2017","2023"
"E14000540","Barking","E13000002","Outer London","2017","2023"
"E14000690","Eltham","E13000002","Outer London","2017","2023"
"E14000718","Greenwich and Woolwich","E13000002","Outer London","2017","2023"
"E14001008","Vauxhall","E13000001","Inner London","2017","2023"
"E14001013","Walthamstow","E13000002","Outer London","2017","2023"
"E14000887","Putney","E13000001","Inner London","2017","2023"
"E14000679","East Ham","E13000001","Inner London","2017","2023"
"E14001032","West Ham","E13000001","Inner London","2017","2023"
"E14000612","Bury South","E11000001","Greater Manchester","2017","2023"
"E14000551","Beckenham","E13000002","Outer London","2017","2023"
"E14000611","Bury North","E11000001","Greater Manchester","2017","2023"
"E14000604","Bromley and Chislehurst","E13000002","Outer London","2017","2023"
"E14000872","Orpington","E13000002","Outer London","2017","2023"
"E14000549","Battersea","E13000001","Inner London","2017","2023"
"E14000897","Rochdale","E11000001","Greater Manchester","2017","2023"
"E14000747","Heywood and Middleton","E11000001","Greater Manchester","2017","2023"
"E14000788","Lewisham West and Penge","E13000002","Outer London","2017","2023"
"E14000889","Reading East","E06000038","Reading","2017","2023"
"E14000890","Reading West","E06000038","Reading","2017","2023"
"E14001053","Workington","E06000063","Cumberland","2023","2023"
"E14000620","Carlisle","E06000063","Cumberland","2023","2023"
"E14000877","Penrith and The Border","E06000063","Cumberland","2023","2023"
"E14000647","Copeland","E06000063","Cumberland","2023","2023"
"E14000962","St Helens North","E11000002","Merseyside","2017","2023"
"E14000917","Selby and Ainsty","E06000065","North Yorkshire","2023","2023"
"E14000626","Chatham and Aylesford","E06000035","Medway","2017","2023"
"E14000877","Penrith and The Border","E06000064","Westmorland and Furness","2023","2023"
"E14001037","Westmorland and Lonsdale","E06000064","Westmorland and Furness","2023","2023"
"E14000543","Barrow and Furness","E06000064","Westmorland and Furness","2023","2023"
"E14001026","Wells","E06000066","Somerset","2023","2023"
"E14000841","North East Bedfordshire","E06000056","Central Bedfordshire","2017","2023"
"E14000993","Thirsk and Malton","E06000065","North Yorkshire","2023","2023"
"E14000841","North East Bedfordshire","E06000055","Bedford","2017","2023"
"E14000895","Richmond (Yorks)","E06000065","North Yorkshire","2023","2023"
"E14000730","Harrogate and Knaresborough","E06000065","North Yorkshire","2023","2023"
"E14000928","Skipton and Ripon","E06000065","North Yorkshire","2023","2023"
"E14000913","Scarborough and Whitby","E06000065","North Yorkshire","2023","2023"
"E14000595","Bridgwater and West Somerset","E06000066","Somerset","2023","2023"
"E14000711","Gillingham and Rainham","E06000035","Medway","2017","2023"
"E14000552","Bedford","E06000055","Bedford","2017","2023"
"E14000988","Taunton Deane","E06000066","Somerset","2023","2023"
"E14000898","Rochester and Strood","E06000035","Medway","2017","2023"
"E14000610","Burton","E10000028","Staffordshire","2017","2023"
"E14000813","Mid Bedfordshire","E06000056","Central Bedfordshire","2017","2023"
"E14000813","Mid Bedfordshire","E06000055","Bedford","2017","2023"
"E14000932","Somerton and Frome","E06000066","Somerset","2023","2023"
"E14001060","Yeovil","E06000066","Somerset","2023","2023"
"E14000537","Ashton-under-Lyne","E11000001","Greater Manchester","2017","2023"
"E14000967","Stalybridge and Hyde","E11000001","Greater Manchester","2017","2023"
"E14000661","Denton and Reddish","E11000001","Greater Manchester","2017","2023"
"E14000801","Luton South","E06000056","Central Bedfordshire","2017","2023"
"E14000949","South West Bedfordshire","E06000056","Central Bedfordshire","2017","2023"
"E14000817","Mid Sussex","E10000032","West Sussex","2017","2023"
"E14000579","Bolton South East","E11000001","Greater Manchester","2017","2023"
"E14000810","Mansfield","E10000024","Nottinghamshire","2017","2023"
"E14000800","Luton North","E06000032","Luton","2017","2023"
"E14000801","Luton South","E06000032","Luton","2017","2023"
"E14001042","Windsor","E06000036","Bracknell Forest","2017","2023"
"E14000586","Bracknell","E06000036","Bracknell Forest","2017","2023"
"E14000828","New Forest West","E10000014","Hampshire","2017","2023"
"E14000827","New Forest East","E10000014","Hampshire","2017","2023"
"E14000970","Stockton North","E06000004","Stockton-on-Tees","2017","2023"
"E14000797","Loughborough","E10000018","Leicestershire","2017","2023"
"E14000533","Amber Valley","E10000007","Derbyshire","2017","2023"
"E14000664","Derbyshire Dales","E10000007","Derbyshire","2017","2023"
"E14000971","Stockton South","E06000004","Stockton-on-Tees","2017","2023"
"E14000972","Stoke-on-Trent Central","E06000021","Stoke-on-Trent","2017","2023"
"E14000974","Stoke-on-Trent South","E06000021","Stoke-on-Trent","2017","2023"
"E14000578","Bolton North East","E11000001","Greater Manchester","2017","2023"
"E14000973","Stoke-on-Trent North","E06000021","Stoke-on-Trent","2017","2023"
"E14000580","Bolton West","E11000001","Greater Manchester","2017","2023"
"E14000825","Morecambe and Lunesdale","E10000017","Lancashire","2017","2023"
"E14000715","Gravesham","E10000016","Kent","2017","2023"
"E14000870","Oldham East and Saddleworth","E11000001","Greater Manchester","2017","2023"
"E14000871","Oldham West and Royton","E11000001","Greater Manchester","2017","2023"
"E14001049","Wolverhampton North East","E11000005","West Midlands","2017","2023"
"E14001051","Wolverhampton South West","E11000005","West Midlands","2017","2023"
"E14000719","Guildford","E10000030","Surrey","2017","2023"
"E14000824","Mole Valley","E10000030","Surrey","2017","2023"
"E14000908","Rushcliffe","E10000024","Nottinghamshire","2017","2023"
"E14000805","Makerfield","E11000001","Greater Manchester","2017","2023"
"E14001039","Wigan","E11000001","Greater Manchester","2017","2023"
"E14000785","Leigh","E11000001","Greater Manchester","2017","2023"
"E14000632","Chesterfield","E10000007","Derbyshire","2017","2023"
"E14000977","Stratford-on-Avon","E10000031","Warwickshire","2017","2023"
"E14000989","Telford","E06000020","Telford and Wrekin","2017","2023"
"E14000953","South West Surrey","E10000030","Surrey","2017","2023"
"E14000572","Blackpool North and Cleveleys","E06000009","Blackpool","2017","2023"
"E14000626","Chatham and Aylesford","E10000016","Kent","2017","2023"
"E14000992","The Wrekin","E06000020","Telford and Wrekin","2017","2023"
"E14000573","Blackpool South","E06000009","Blackpool","2017","2023"
"E14001033","West Lancashire","E10000017","Lancashire","2017","2023"
"E14000532","Altrincham and Sale West","E11000001","Greater Manchester","2017","2023"
"E14000945","South Staffordshire","E10000028","Staffordshire","2017","2023"
"E14000979","Stretford and Urmston","E11000001","Greater Manchester","2017","2023"
"E14000793","Liverpool, Riverside","E11000002","Merseyside","2017","2023"
"E14000627","Cheadle","E11000001","Greater Manchester","2017","2023"
"E14000914","Scunthorpe","E06000013","North Lincolnshire","2017","2023"
"E14000596","Brigg and Goole","E06000013","North Lincolnshire","2017","2023"
"E14000738","Hazel Grove","E11000001","Greater Manchester","2017","2023"
"E14000969","Stockport","E11000001","Greater Manchester","2017","2023"
"E14000643","Cleethorpes","E06000013","North Lincolnshire","2017","2023"
"E14000744","Hertford and Stortford","E10000015","Hertfordshire","2017","2023"
"E14001035","West Worcestershire","E10000034","Worcestershire","2017","2023"
"E14000755","Hove","E06000043","Brighton and Hove","2017","2023"
"E14000597","Brighton, Kemptown","E06000043","Brighton and Hove","2017","2023"
"E14000598","Brighton, Pavilion","E06000043","Brighton and Hove","2017","2023"
"N06000002","Belfast North","N09000001","Antrim and Newtownabbey","2017","2023"
"E14000930","Slough","E06000039","Slough","2017","2023"
"E14000818","Mid Worcestershire","E10000034","Worcestershire","2017","2023"
"E14000956","Southampton, Test","E06000045","Southampton","2017","2023"
"E14000795","Liverpool, Wavertree","E11000002","Merseyside","2017","2023"
"E14000794","Liverpool, Walton","E11000002","Merseyside","2017","2023"
"E14000796","Liverpool, West Derby","E11000002","Merseyside","2017","2023"
"N06000005","East Antrim","N09000001","Antrim and Newtownabbey","2017","2023"
"E14000901","Romsey and Southampton North","E06000045","Southampton","2017","2023"
"E14000955","Southampton, Itchen","E06000045","Southampton","2017","2023"
"E14000662","Derby North","E06000015","Derby","2017","2023"
"E14000663","Derby South","E06000015","Derby","2017","2023"
"E14000814","Mid Derbyshire","E06000015","Derby","2017","2023"
"N06000014","South Antrim","N09000001","Antrim and Newtownabbey","2017","2023"
"E14001042","Windsor","E06000039","Slough","2017","2023"
"N06000003","Belfast South","N09000003","Belfast","2017","2023"
"N06000004","Belfast West","N09000003","Belfast","2017","2023"
"N06000001","Belfast East","N09000003","Belfast","2017","2023"
"N06000002","Belfast North","N09000003","Belfast","2017","2023"
"N06000017","Upper Bann","N09000002","Armagh City, Banbridge and Craigavon","2017","2023"
"N06000015","South Down","N09000002","Armagh City, Banbridge and Craigavon","2017","2023"
"N06000018","West Tyrone","N09000005","Derry City and Strabane","2017","2023"
"N06000006","East Londonderry","N09000004","Causeway Coast and Glens","2017","2023"
"N06000008","Foyle","N09000005","Derry City and Strabane","2017","2023"
"N06000003","Belfast South","N09000007","Lisburn and Castlereagh","2017","2023"
"N06000010","Mid Ulster","N09000009","Mid Ulster","2017","2023"
"N06000005","East Antrim","N09000008","Mid and East Antrim","2017","2023"
"N06000011","Newry and Armagh","N09000002","Armagh City, Banbridge and Craigavon","2017","2023"
"N06000009","Lagan Valley","N09000002","Armagh City, Banbridge and Craigavon","2017","2023"
"N06000007","Fermanagh and South Tyrone","N09000002","Armagh City, Banbridge and Craigavon","2017","2023"
"N06000009","Lagan Valley","N09000007","Lisburn and Castlereagh","2017","2023"
"N06000001","Belfast East","N09000007","Lisburn and Castlereagh","2017","2023"
"N06000012","North Antrim","N09000008","Mid and East Antrim","2017","2023"
"N06000012","North Antrim","N09000004","Causeway Coast and Glens","2017","2023"
"N06000016","Strangford","N09000007","Lisburn and Castlereagh","2017","2023"
"N06000007","Fermanagh and South Tyrone","N09000006","Fermanagh and Omagh","2017","2023"
"N06000007","Fermanagh and South Tyrone","N09000009","Mid Ulster","2017","2023"
"N06000004","Belfast West","N09000007","Lisburn and Castlereagh","2017","2023"
"N06000018","West Tyrone","N09000006","Fermanagh and Omagh","2017","2023"
"N06000009","Lagan Valley","N09000003","Belfast","2017","2023"
"N06000013","North Down","N09000003","Belfast","2017","2023"
"N06000011","Newry and Armagh","N09000010","Newry, Mourne and Down","2017","2023"
"N06000015","South Down","N09000010","Newry, Mourne and Down","2017","2023"
"N06000016","Strangford","N09000010","Newry, Mourne and Down","2017","2023"
"N06000009","Lagan Valley","N09000010","Newry, Mourne and Down","2017","2023"
"N06000005","East Antrim","N09000004","Causeway Coast and Glens","2017","2023"
"N06000015","South Down","N09000007","Lisburn and Castlereagh","2017","2023"
"N06000014","South Antrim","N09000007","Lisburn and Castlereagh","2017","2023"
"N06000006","East Londonderry","N09000005","Derry City and Strabane","2017","2023"
"S14000055","Ross, Skye and Lochaber","S12000017","Highland","2017","2023"
"S14000009","Caithness, Sutherland and Easter Ross","S12000017","Highland","2017","2023"
"S14000039","Inverness, Nairn, Badenoch and Strathspey","S12000017","Highland","2017","2023"
"S14000038","Inverclyde","S12000018","Inverclyde","2017","2023"
"S14000045","Midlothian","S12000019","Midlothian","2017","2023"
"S14000046","Moray","S12000020","Moray","2017","2023"
"S14000010","Central Ayrshire","S12000021","North Ayrshire","2017","2023"
"S14000048","North Ayrshire and Arran","S12000021","North Ayrshire","2017","2023"
"S14000036","Glenrothes","S12000047","Fife","2019","2023"
"S14000007","Banff and Buchan","S12000034","Aberdeenshire","2017","2023"
"S14000014","Dumfriesshire, Clydesdale and Tweeddale","S12000026","Scottish Borders","2017","2023"
"N06000013","North Down","N09000011","Ards and North Down","2017","2023"
"S14000013","Dumfries and Galloway","S12000006","Dumfries and Galloway","2017","2023"
"S14000026","Edinburgh West","S12000036","City of Edinburgh","2017","2023"
"N06000016","Strangford","N09000011","Ards and North Down","2017","2023"
"S14000005","Argyll and Bute","S12000035","Argyll and Bute","2017","2023"
"S14000015","Dundee East","S12000042","Dundee City","2017","2023"
"S14000016","Dundee West","S12000042","Dundee City","2017","2023"
"S14000027","Na h-Eileanan an Iar","S12000013","Na h-Eileanan Siar","2017","2023"
"S14000051","Orkney and Shetland","S12000023","Orkney Islands","2017","2023"
"S14000008","Berwickshire, Roxburgh and Selkirk","S12000026","Scottish Borders","2017","2023"
"S14000014","Dumfriesshire, Clydesdale and Tweeddale","S12000006","Dumfries and Galloway","2017","2023"
"S14000024","Edinburgh South","S12000036","City of Edinburgh","2017","2023"
"S14000025","Edinburgh South West","S12000036","City of Edinburgh","2017","2023"
"S14000022","Edinburgh East","S12000036","City of Edinburgh","2017","2023"
"S14000023","Edinburgh North and Leith","S12000036","City of Edinburgh","2017","2023"
"S14000049","North East Fife","S12000047","Fife","2019","2023"
"S14000040","Kilmarnock and Loudoun","S12000008","East Ayrshire","2017","2023"
"S14000051","Orkney and Shetland","S12000027","Shetland Islands","2017","2023"
"S14000043","Linlithgow and East Falkirk","S12000040","West Lothian","2017","2023"
"S14000044","Livingston","S12000040","West Lothian","2017","2023"
"S14000001","Aberdeen North","S12000033","Aberdeen City","2017","2023"
"S14000037","Gordon","S12000033","Aberdeen City","2017","2023"
"S14000002","Aberdeen South","S12000033","Aberdeen City","2017","2023"
"S14000043","Linlithgow and East Falkirk","S12000014","Falkirk","2017","2023"
"S14000037","Gordon","S12000034","Aberdeenshire","2017","2023"
"S14000058","West Aberdeenshire and Kincardine","S12000034","Aberdeenshire","2017","2023"
"S14000034","Glasgow South","S12000049","Glasgow City","2019","2023"
"S14000035","Glasgow South West","S12000049","Glasgow City","2019","2023"
"S14000029","Glasgow Central","S12000049","Glasgow City","2019","2023"
"S14000030","Glasgow East","S12000049","Glasgow City","2019","2023"
"S14000032","Glasgow North East","S12000049","Glasgow City","2019","2023"
"S14000028","Falkirk","S12000014","Falkirk","2017","2023"
"S14000006","Ayr, Carrick and Cumnock","S12000008","East Ayrshire","2017","2023"
"S14000004","Angus","S12000041","Angus","2017","2023"
"S14000015","Dundee East","S12000041","Angus","2017","2023"
"S14000016","Dundee West","S12000041","Angus","2017","2023"
"S14000050","Ochil and South Perthshire","S12000005","Clackmannanshire","2017","2023"
"S14000031","Glasgow North","S12000049","Glasgow City","2019","2023"
"S14000018","East Dunbartonshire","S12000045","East Dunbartonshire","2017","2023"
"S14000012","Cumbernauld, Kilsyth and Kirkintilloch East","S12000045","East Dunbartonshire","2017","2023"
"S14000032","Glasgow North East","S12000045","East Dunbartonshire","2017","2023"
"S14000020","East Lothian","S12000010","East Lothian","2017","2023"
"S14000021","East Renfrewshire","S12000011","East Renfrewshire","2017","2023"
"S14000017","Dunfermline and West Fife","S12000047","Fife","2019","2023"
"S14000041","Kirkcaldy and Cowdenbeath","S12000047","Fife","2019","2023"
"S14000033","Glasgow North West","S12000049","Glasgow City","2019","2023"
"S14000018","East Dunbartonshire","S12000049","Glasgow City","2019","2023"
"W07000063","Montgomeryshire","W06000023","Powys","2017","2023"
"W07000068","Brecon and Radnorshire","W06000023","Powys","2017","2023"
"W07000067","Carmarthen East and Dinefwr","W06000010","Carmarthenshire","2017","2023"
"W07000045","Llanelli","W06000010","Carmarthenshire","2017","2023"
"W07000066","Carmarthen West and South Pembrokeshire","W06000010","Carmarthenshire","2017","2023"
"W07000075","Pontypridd","W06000016","Rhondda Cynon Taf","2017","2023"
"S14000019","East Kilbride, Strathaven and Lesmahagow","S12000029","South Lanarkshire","2017","2023"
"S14000053","Paisley and Renfrewshire South","S12000038","Renfrewshire","2017","2023"
"W07000074","Ogmore","W06000013","Bridgend","2017","2023"
"W07000073","Bridgend","W06000013","Bridgend","2017","2023"
"W07000072","Blaenau Gwent","W06000019","Blaenau Gwent","2017","2023"
"S14000042","Lanark and Hamilton East","S12000029","South Lanarkshire","2017","2023"
"W07000070","Cynon Valley","W06000016","Rhondda Cynon Taf","2017","2023"
"S14000052","Paisley and Renfrewshire North","S12000038","Renfrewshire","2017","2023"
"S14000010","Central Ayrshire","S12000028","South Ayrshire","2017","2023"
"S14000006","Ayr, Carrick and Cumnock","S12000028","South Ayrshire","2017","2023"
"W07000052","Rhondda","W06000016","Rhondda Cynon Taf","2017","2023"
"S14000056","Rutherglen and Hamilton West","S12000029","South Lanarkshire","2017","2023"
"W07000046","Gower","W06000011","Swansea","2017","2023"
"S14000014","Dumfriesshire, Clydesdale and Tweeddale","S12000029","South Lanarkshire","2017","2023"
"W07000048","Swansea East","W06000011","Swansea","2017","2023"
"W07000047","Swansea West","W06000011","Swansea","2017","2023"
"W07000074","Ogmore","W06000016","Rhondda Cynon Taf","2017","2023"
"S14000057","Stirling","S12000030","Stirling","2017","2023"
"S14000012","Cumbernauld, Kilsyth and Kirkintilloch East","S12000050","North Lanarkshire","2019","2023"
"S14000011","Coatbridge, Chryston and Bellshill","S12000050","North Lanarkshire","2019","2023"
"S14000059","West Dunbartonshire","S12000039","West Dunbartonshire","2017","2023"
"S14000003","Airdrie and Shotts","S12000050","North Lanarkshire","2019","2023"
"S14000047","Motherwell and Wishaw","S12000050","North Lanarkshire","2019","2023"
"S14000054","Perth and North Perthshire","S12000048","Perth and Kinross","2019","2023"
"S14000050","Ochil and South Perthshire","S12000048","Perth and Kinross","2019","2023"
"S14000050","Ochil and South Perthshire","S12000047","Fife","2019","2023"
"S14000030","Glasgow East","S12000050","North Lanarkshire","2019","2023"
"W07000058","Aberconwy","W06000003","Conwy","2017","2023"
"W07000059","Clwyd West","W06000003","Conwy","2017","2023"
"W07000066","Carmarthen West and South Pembrokeshire","W06000009","Pembrokeshire","2017","2023"
"W07000065","Preseli Pembrokeshire","W06000009","Pembrokeshire","2017","2023"
"W07000057","Arfon","W06000002","Gwynedd","2017","2023"
"W07000061","Dwyfor Meirionnydd","W06000002","Gwynedd","2017","2023"
"W07000050","Cardiff Central","W06000015","Cardiff","2017","2023"
"W07000043","Alyn and Deeside","W06000005","Flintshire","2017","2023"
"W07000064","Ceredigion","W06000008","Ceredigion","2017","2023"
"W07000059","Clwyd West","W06000004","Denbighshire","2017","2023"
"W07000060","Vale of Clwyd","W06000004","Denbighshire","2017","2023"
"W07000062","Clwyd South","W06000004","Denbighshire","2017","2023"
"W07000054","Monmouth","W06000020","Torfaen","2017","2023"
"W07000080","Cardiff South and Penarth","W06000015","Cardiff","2017","2023"
"W07000053","Torfaen","W06000020","Torfaen","2017","2023"
"W07000042","Delyn","W06000005","Flintshire","2017","2023"
"W07000071","Merthyr Tydfil and Rhymney","W06000024","Merthyr Tydfil","2017","2023"
"W07000068","Brecon and Radnorshire","W06000024","Merthyr Tydfil","2017","2023"
"W07000056","Newport West","W06000022","Newport","2017","2023"
"W07000055","Newport East","W06000022","Newport","2017","2023"
"W07000079","Cardiff West","W06000015","Cardiff","2017","2023"
"W07000051","Cardiff North","W06000015","Cardiff","2017","2023"
"W07000078","Vale of Glamorgan","W06000014","Vale of Glamorgan","2017","2023"
"W07000080","Cardiff South and Penarth","W06000014","Vale of Glamorgan","2017","2023"
"W07000041","Ynys Mn","W06000001","Isle of Anglesey","2017","2023"
"W07000076","Caerphilly","W06000018","Caerphilly","2017","2023"
"W07000077","Islwyn","W06000018","Caerphilly","2017","2023"
"W07000071","Merthyr Tydfil and Rhymney","W06000018","Caerphilly","2017","2023"
"W07000044","Wrexham","W06000006","Wrexham","2017","2023"
"W07000062","Clwyd South","W06000006","Wrexham","2017","2023"
"W07000054","Monmouth","W06000021","Monmouthshire","2017","2023"
"W07000055","Newport East","W06000021","Monmouthshire","2017","2023"
"W07000049","Aberavon","W06000012","Neath Port Talbot","2017","2023"
"W07000069","Neath","W06000012","Neath Port Talbot","2017","2023"
"E14000647","Copeland","E10000006","Cumbria","2017","2022"
"E14000877","Penrith and The Border","E10000006","Cumbria","2017","2022"
"E14001053","Workington","E10000006","Cumbria","2017","2022"
"E14000543","Barrow and Furness","E10000006","Cumbria","2017","2022"
"E14000620","Carlisle","E10000006","Cumbria","2017","2022"
"E14001037","Westmorland and Lonsdale","E10000006","Cumbria","2017","2022"
"E14000913","Scarborough and Whitby","E10000023","North Yorkshire","2017","2022"
"E14000895","Richmond (Yorks)","E10000023","North Yorkshire","2017","2022"
"E14000928","Skipton and Ripon","E10000023","North Yorkshire","2017","2022"
"E14000993","Thirsk and Malton","E10000023","North Yorkshire","2017","2022"
"E14000730","Harrogate and Knaresborough","E10000023","North Yorkshire","2017","2022"
"E14000917","Selby and Ainsty","E10000023","North Yorkshire","2017","2022"
"E14001026","Wells","E10000027","Somerset","2017","2022"
"E14000932","Somerton and Frome","E10000027","Somerset","2017","2022"
"E14000595","Bridgwater and West Somerset","E10000027","Somerset","2017","2022"
"E14001060","Yeovil","E10000027","Somerset","2017","2022"
"E14000988","Taunton Deane","E10000027","Somerset","2017","2022"
"E14000648","Corby","E10000021","Northamptonshire","2017","2020"
"E14001025","Wellingborough","E10000021","Northamptonshire","2017","2020"
"E14000769","Kettering","E10000021","Northamptonshire","2017","2020"
"E14000942","South Northamptonshire","E10000021","Northamptonshire","2017","2020"
"E14000660","Daventry","E10000021","Northamptonshire","2017","2020"
"E14000861","Northampton North","E10000021","Northamptonshire","2017","2020"
"E14000862","Northampton South","E10000021","Northamptonshire","2017","2020"
"E14000567","Birmingham,  Selly Oak","E11000005","West Midlands","2019","2020"
"E14000550","Beaconsfield","E10000002","Buckinghamshire","2017","2019"
"E14000608","Buckingham","E10000002","Buckinghamshire","2017","2019"
"E14000538","Aylesbury","E10000002","Buckinghamshire","2017","2019"
"E14000631","Chesham and Amersham","E10000002","Buckinghamshire","2017","2019"
"E14001056","Wycombe","E10000002","Buckinghamshire","2017","2019"
"E14000585","Bournemouth West","E06000028","Bournemouth","2017","2017"
"E14000585","Bournemouth West","E06000029","Poole","2017","2017"
"E14000815","Mid Dorset and North Poole","E06000029","Poole","2017","2017"
"E14000881","Poole","E06000029","Poole","2017","2017"
"E14000584","Bournemouth East","E06000028","Bournemouth","2017","2017"
"E14001031","West Dorset","E10000009","Dorset","2017","2017"
"E14000839","North Dorset","E10000009","Dorset","2017","2017"
"E14000815","Mid Dorset and North Poole","E10000009","Dorset","2017","2017"
"E14000936","South Dorset","E10000009","Dorset","2017","2017"
"E14000638","Christchurch","E10000009","Dorset","2017","2017"
"S14000036","Glenrothes","S12000015","Fife","2017","2017"
"S14000041","Kirkcaldy and Cowdenbeath","S12000015","Fife","2017","2017"
"S14000049","North East Fife","S12000015","Fife","2017","2017"
"S14000017","Dunfermline and West Fife","S12000015","Fife","2017","2017"
"S14000050","Ochil and South Perthshire","S12000024","Perth and Kinross","2017","2017"
"S14000054","Perth and North Perthshire","S12000024","Perth and Kinross","2017","2017"
"S14000033","Glasgow North West","S12000046","Glasgow City","2017","2017"
"S14000034","Glasgow South","S12000046","Glasgow City","2017","2017"
"S14000035","Glasgow South West","S12000046","Glasgow City","2017","2017"
"S14000012","Cumbernauld, Kilsyth and Kirkintilloch East","S12000044","North Lanarkshire","2017","2017"
"S1400030","Glasgow East","S12000044","North Lanarkshire","2017","2017"
"S14000047","Motherwell and Wishaw","S12000044","North Lanarkshire","2017","2017"
"S14000003","Airdrie and Shotts","S12000044","North Lanarkshire","2017","2017"
"S14000011","Coatbridge, Chryston and Bellshill","S12000044","North Lanarkshire","2017","2017"
"S14000018","East Dunbartonshire","S12000046","Glasgow City","2017","2017"
"S14000029","Glasgow Central","S12000046","Glasgow City","2017","2017"
"S14000030","Glasgow East","S12000046","Glasgow City","2017","2017"
"S14000031","Glasgow North","S12000046","Glasgow City","2017","2017"
"S14000032","Glasgow North East","S12000046","Glasgow City","2017","2017"
